seed,dp_value,greedy_value,greedy_time,ls_value,ls_time,ls_iters,psi_value,psi_time,psi_iters,psi_repairs,psi_N,psi_coh,item0_w,item0_v,greedy_feasible,ls_feasible,psi_feasible
2000,9200,9182,0.118,9189,0.236,1,9195,2.905,50,20,3.79,0.0000,48,33,1,1,1
2001,9846,9843,0.115,9843,0.171,0,9843,3.349,50,16,3.89,0.0000,13,17,1,1,1
2002,9888,9865,0.100,9867,0.196,1,9875,2.961,50,10,3.80,0.0000,29,38,1,1,1
2003,9517,9514,0.103,9514,0.161,0,9514,3.983,50,27,3.89,0.0000,22,21,1,1,1
2004,11404,11404,0.106,11404,0.169,0,11404,4.712,50,30,3.89,0.0000,45,79,1,1,1
2005,10433,10415,0.111,10427,0.210,1,10432,3.418,50,19,3.79,0.0000,20,169,1,1,1
2006,10529,10520,0.111,10524,0.219,1,10524,3.194,50,25,3.89,0.0000,46,179,1,1,1
2007,9677,9671,0.113,9674,0.214,1,9674,3.493,50,10,3.89,0.0000,31,146,1,1,1
2008,10058,10052,0.104,10052,0.164,0,10058,3.382,50,25,3.79,0.0000,50,66,1,1,1
2009,10484,10468,0.105,10468,0.160,0,10474,2.983,50,18,3.80,0.0000,16,158,1,1,1
2010,9897,9880,0.097,9880,0.156,0,9896,3.477,50,16,3.79,0.0000,14,116,1,1,1
2011,9544,9544,0.106,9544,0.166,0,9544,3.535,50,21,3.89,0.0000,17,97,1,1,1
2012,9906,9882,0.099,9886,0.195,1,9888,3.225,50,20,3.76,0.0000,28,46,1,1,1
2013,9571,9571,0.097,9571,0.150,0,9571,3.300,50,22,3.89,0.0000,50,7,1,1,1
2014,10276,10228,0.104,10263,0.204,1,10269,3.793,50,22,3.71,0.0000,14,85,1,1,1
2015,10845,10813,0.111,10813,0.182,0,10830,3.309,50,11,3.72,0.0000,15,175,1,1,1
2016,10939,10922,0.102,10934,0.207,1,10939,3.262,50,13,3.80,0.0000,6,173,1,1,1
2017,9292,9292,0.102,9292,0.163,0,9292,2.934,50,21,3.89,0.0000,22,148,1,1,1
2018,10935,10928,0.102,10930,0.201,1,10930,3.645,50,27,3.89,0.0000,26,16,1,1,1
2019,10004,10004,0.101,10004,0.162,0,10004,2.982,50,18,3.89,0.0000,38,131,1,1,1
2020,9243,9243,0.105,9243,0.168,0,9243,3.650,50,24,3.89,0.0000,18,116,1,1,1
2021,9469,9456,0.102,9469,0.252,2,9469,2.920,50,22,3.89,0.0000,43,167,1,1,1
2022,10909,10884,0.104,10886,0.213,1,10889,4.297,50,26,3.75,0.0000,23,137,1,1,1
2023,10459,10441,0.112,10449,0.213,1,10449,3.256,50,23,3.89,0.0000,31,171,1,1,1
2024,10594,10594,0.097,10594,0.156,0,10594,3.364,50,30,3.89,0.0000,6,164,1,1,1
2025,9622,9615,0.096,9622,0.191,1,9622,3.763,50,30,3.89,0.0000,42,159,1,1,1
2026,10504,10498,0.107,10498,0.175,0,10498,3.611,50,27,3.89,0.0000,38,173,1,1,1
2027,10156,10133,0.093,10133,0.154,0,10147,3.926,50,20,3.67,0.0000,4,54,1,1,1
2028,9628,9621,0.104,9621,0.158,0,9621,3.534,50,24,3.89,0.0000,9,46,1,1,1
2029,9230,9216,0.099,9217,0.199,1,9217,3.097,50,15,3.89,0.0000,38,49,1,1,1
2030,10121,10121,0.105,10121,0.167,0,10121,3.326,50,23,3.89,0.0000,13,100,1,1,1
2031,10000,9993,0.105,10000,0.213,1,10000,3.579,50,33,3.89,0.0000,6,182,1,1,1
2032,10680,10675,0.114,10675,0.171,0,10675,3.364,50,31,3.89,0.0000,36,96,1,1,1
2033,10345,10329,0.104,10331,0.203,1,10345,3.402,50,21,3.62,0.0000,14,115,1,1,1
2034,10595,10581,0.105,10581,0.176,0,10586,3.362,50,26,3.65,0.0000,29,179,1,1,1
2035,11280,11259,0.107,11259,0.173,0,11271,3.361,50,13,3.80,0.0000,49,43,1,1,1
2036,9733,9722,0.114,9727,0.216,1,9727,3.786,50,25,3.89,0.0000,13,39,1,1,1
2037,9018,8993,0.099,9015,0.208,1,9018,2.722,50,8,3.80,0.0000,14,194,1,1,1
2038,9628,9627,0.099,9627,0.155,0,9627,3.246,50,25,3.89,0.0000,17,143,1,1,1
2039,10239,10230,0.110,10230,0.173,0,10231,3.222,50,15,3.80,0.0000,9,170,1,1,1
2040,10905,10893,0.099,10893,0.154,0,10893,3.337,50,30,3.89,0.0000,48,103,1,1,1
2041,11246,11229,0.096,11240,0.199,1,11240,3.728,50,24,3.89,0.0000,6,172,1,1,1
2042,11012,11004,0.108,11004,0.162,0,11004,3.583,50,30,3.89,0.0000,11,122,1,1,1
2043,9672,9654,0.100,9661,0.194,1,9668,3.063,50,23,3.79,0.0000,11,156,1,1,1
2044,9591,9568,0.095,9580,0.185,1,9589,3.083,50,16,3.68,0.0000,33,71,1,1,1
2045,9335,9320,0.101,9329,0.200,1,9331,3.510,50,25,3.79,0.0000,47,165,1,1,1
2046,10149,10149,0.105,10149,0.154,0,10149,3.172,50,16,3.89,0.0000,38,170,1,1,1
2047,10248,10248,0.104,10248,0.164,0,10248,4.848,50,32,3.89,0.0000,43,161,1,1,1
2048,10313,10299,0.108,10299,0.177,0,10300,3.238,50,20,3.78,0.0000,12,154,1,1,1
2049,10530,10526,0.098,10528,0.202,1,10528,3.213,50,23,3.89,0.0000,37,117,1,1,1
2050,11341,11327,0.108,11332,0.225,1,11332,3.771,50,25,3.89,0.0000,2,169,1,1,1
2051,10093,10075,0.100,10080,0.203,1,10080,3.538,50,26,3.89,0.0000,42,130,1,1,1
2052,10054,10054,0.111,10054,0.168,0,10054,3.187,50,7,3.89,0.0000,5,112,1,1,1
2053,10253,10249,0.112,10249,0.164,0,10253,4.006,50,29,3.79,0.0000,31,42,1,1,1
2054,9503,9503,0.098,9503,0.159,0,9503,2.877,50,17,3.89,0.0000,21,75,1,1,1
2055,9797,9797,0.095,9797,0.150,0,9797,3.023,50,15,3.89,0.0000,46,54,1,1,1
2056,9823,9820,0.105,9820,0.158,0,9820,3.593,50,26,3.89,0.0000,36,100,1,1,1
2057,10395,10388,0.095,10388,0.151,0,10395,3.124,50,21,3.80,0.0000,47,182,1,1,1
2058,11453,11445,0.105,11445,0.164,0,11448,4.044,50,29,3.75,0.0000,18,89,1,1,1
2059,10749,10729,0.094,10729,0.155,0,10736,3.610,50,14,3.80,0.0000,5,85,1,1,1
2060,10785,10785,0.099,10785,0.156,0,10785,3.270,50,29,3.89,0.0000,19,190,1,1,1
2061,9592,9576,0.111,9590,0.205,1,9590,3.430,50,21,3.89,0.0000,27,112,1,1,1
2062,11083,11083,0.121,11083,0.177,0,11083,3.859,50,30,3.89,0.0000,35,5,1,1,1
2063,11167,11167,0.108,11167,0.166,0,11167,3.339,50,8,3.89,0.0000,5,199,1,1,1
2064,9832,9809,0.107,9828,0.250,2,9828,3.000,50,17,3.89,0.0000,38,104,1,1,1
2065,10265,10261,0.094,10261,0.149,0,10261,3.104,50,18,3.89,0.0000,2,48,1,1,1
2066,10522,10519,0.103,10522,0.201,1,10522,3.426,50,8,3.89,0.0000,39,146,1,1,1
2067,11241,11241,0.108,11241,0.173,0,11241,3.258,50,20,3.89,0.0000,5,101,1,1,1
2068,10292,10272,0.103,10279,0.206,1,10286,3.232,50,22,3.80,0.0000,18,75,1,1,1
2069,10507,10507,0.103,10507,0.156,0,10507,3.031,50,18,3.89,0.0000,25,176,1,1,1
2070,9442,9442,0.107,9442,0.162,0,9442,3.005,50,21,3.89,0.0000,42,119,1,1,1
2071,10931,10903,0.107,10909,0.193,1,10911,3.174,50,20,3.80,0.0000,26,79,1,1,1
2072,10013,10008,0.100,10008,0.155,0,10008,3.164,50,21,3.89,0.0000,47,124,1,1,1
2073,10999,10992,0.105,10999,0.209,1,10999,3.624,50,26,3.89,0.0000,35,47,1,1,1
2074,10179,10179,0.102,10179,0.157,0,10179,3.669,50,28,3.89,0.0000,42,24,1,1,1
2075,11729,11723,0.103,11726,0.209,1,11726,3.599,50,21,3.89,0.0000,21,73,1,1,1
2076,9405,9404,0.101,9404,0.161,0,9404,3.507,50,22,3.89,0.0000,6,190,1,1,1
2077,9602,9602,0.108,9602,0.158,0,9602,2.827,50,21,3.89,0.0000,5,82,1,1,1
2078,10360,10354,0.102,10360,0.234,2,10360,2.997,50,21,3.89,0.0000,14,133,1,1,1
2079,9340,9336,0.114,9340,0.211,1,9340,3.429,50,18,3.89,0.0000,47,90,1,1,1
2080,10374,10353,0.104,10374,0.203,1,10374,3.317,50,26,3.89,0.0000,6,80,1,1,1
2081,10187,10175,0.107,10184,0.197,1,10184,3.314,50,16,3.89,0.0000,50,81,1,1,1
2082,10487,10482,0.100,10482,0.155,0,10486,3.416,50,25,3.80,0.0000,28,78,1,1,1
2083,9369,9349,0.102,9349,0.164,0,9354,3.021,50,21,3.79,0.0000,32,99,1,1,1
2084,9287,9279,0.103,9279,0.164,0,9279,3.192,50,23,3.89,0.0000,24,186,1,1,1
2085,9889,9889,0.103,9889,0.161,0,9889,3.057,50,11,3.89,0.0000,35,154,1,1,1
2086,9938,9914,0.105,9919,0.211,1,9935,3.427,50,20,3.68,0.0000,17,38,1,1,1
2087,9983,9983,0.106,9983,0.176,0,9983,3.301,50,19,3.89,0.0000,1,167,1,1,1
2088,9887,9885,0.111,9885,0.171,0,9885,3.339,50,20,3.89,0.0000,34,161,1,1,1
2089,11068,11061,0.094,11061,0.146,0,11068,3.600,50,21,3.74,0.0000,19,12,1,1,1
2090,10433,10408,0.102,10408,0.166,0,10424,2.918,50,19,3.80,0.0000,4,1,1,1,1
2091,9613,9605,0.100,9605,0.163,0,9610,3.231,50,17,3.80,0.0000,17,87,1,1,1
2092,11402,11402,0.103,11402,0.155,0,11402,3.260,50,24,3.89,0.0000,49,77,1,1,1
2093,10611,10591,0.098,10600,0.194,1,10600,3.308,50,26,3.89,0.0000,42,20,1,1,1
2094,9301,9283,0.109,9294,0.203,1,9301,2.946,50,17,3.67,0.0000,42,105,1,1,1
2095,10543,10543,0.103,10543,0.165,0,10543,3.262,50,20,3.89,0.0000,11,163,1,1,1
2096,10094,10081,0.101,10092,0.190,1,10094,3.468,50,22,3.80,0.0000,39,184,1,1,1
2097,10532,10530,0.113,10530,0.163,0,10530,3.649,50,22,3.89,0.0000,46,58,1,1,1
2098,10128,10123,0.100,10128,0.187,1,10128,3.184,50,21,3.89,0.0000,7,20,1,1,1
2099,10684,10684,0.109,10684,0.172,0,10684,3.274,50,20,3.89,0.0000,25,197,1,1,1
