seed,dp_value,psi_value,gap_percent,iterations,repairs,final_N,final_coherence,final_residual,time_ms,exact_hit,feasible
1,10122,10119,0.0296,100,40,3.13,0.6518,0.0003,7.95,0,1
2,10122,10119,0.0296,100,40,3.13,0.6518,0.0003,7.32,0,1
3,10122,10119,0.0296,100,40,3.13,0.6518,0.0003,7.29,0,1
4,10122,10119,0.0296,100,40,3.13,0.6518,0.0003,7.32,0,1
5,10122,10119,0.0296,100,40,3.13,0.6518,0.0003,7.30,0,1
6,10122,10119,0.0296,100,40,3.13,0.6518,0.0003,7.26,0,1
7,10122,10119,0.0296,100,40,3.13,0.6518,0.0003,7.30,0,1
8,10122,10119,0.0296,100,40,3.13,0.6518,0.0003,7.27,0,1
9,10122,10119,0.0296,100,40,3.13,0.6518,0.0003,7.32,0,1
10,10122,10119,0.0296,100,40,3.13,0.6518,0.0003,7.30,0,1
11,10122,10119,0.0296,100,40,3.13,0.6518,0.0003,7.28,0,1
12,10122,10119,0.0296,100,40,3.13,0.6518,0.0003,7.28,0,1
13,10122,10119,0.0296,100,40,3.13,0.6518,0.0003,7.31,0,1
14,10122,10119,0.0296,100,40,3.13,0.6518,0.0003,7.27,0,1
15,10122,10119,0.0296,100,40,3.13,0.6518,0.0003,7.32,0,1
16,10122,10119,0.0296,100,40,3.13,0.6518,0.0003,7.26,0,1
17,10122,10119,0.0296,100,40,3.13,0.6518,0.0003,7.33,0,1
18,10122,10119,0.0296,100,40,3.13,0.6518,0.0003,7.28,0,1
19,10122,10119,0.0296,100,40,3.13,0.6518,0.0003,7.26,0,1
20,10122,10119,0.0296,100,40,3.13,0.6518,0.0003,7.29,0,1
21,10122,10119,0.0296,100,40,3.13,0.6518,0.0003,7.30,0,1
22,10122,10119,0.0296,100,40,3.13,0.6518,0.0003,7.25,0,1
23,10122,10119,0.0296,100,40,3.13,0.6518,0.0003,7.26,0,1
24,10122,10119,0.0296,100,40,3.13,0.6518,0.0003,7.30,0,1
25,10122,10119,0.0296,100,40,3.13,0.6518,0.0003,7.29,0,1
26,10122,10119,0.0296,100,40,3.13,0.6518,0.0003,7.30,0,1
27,10122,10119,0.0296,100,40,3.13,0.6518,0.0003,7.29,0,1
28,10122,10119,0.0296,100,40,3.13,0.6518,0.0003,7.26,0,1
29,10122,10119,0.0296,100,40,3.13,0.6518,0.0003,7.29,0,1
30,10122,10119,0.0296,100,40,3.13,0.6518,0.0003,7.25,0,1
31,10122,10119,0.0296,100,40,3.13,0.6518,0.0003,7.28,0,1
32,10122,10119,0.0296,100,40,3.13,0.6518,0.0003,7.31,0,1
33,10122,10119,0.0296,100,40,3.13,0.6518,0.0003,7.26,0,1
34,10122,10119,0.0296,100,40,3.13,0.6518,0.0003,7.33,0,1
35,10122,10119,0.0296,100,40,3.13,0.6518,0.0003,7.31,0,1
36,10122,10119,0.0296,100,40,3.13,0.6518,0.0003,7.27,0,1
37,10122,10119,0.0296,100,40,3.13,0.6518,0.0003,7.26,0,1
38,10122,10119,0.0296,100,40,3.13,0.6518,0.0003,7.28,0,1
39,10122,10119,0.0296,100,40,3.13,0.6518,0.0003,7.25,0,1
40,10122,10119,0.0296,100,40,3.13,0.6518,0.0003,7.32,0,1
41,10122,10119,0.0296,100,40,3.13,0.6518,0.0003,7.25,0,1
42,10122,10119,0.0296,100,40,3.13,0.6518,0.0003,7.29,0,1
43,10122,10119,0.0296,100,40,3.13,0.6518,0.0003,7.30,0,1
44,10122,10119,0.0296,100,40,3.13,0.6518,0.0003,7.29,0,1
45,10122,10119,0.0296,100,40,3.13,0.6518,0.0003,7.31,0,1
46,10122,10119,0.0296,100,40,3.13,0.6518,0.0003,7.28,0,1
47,10122,10119,0.0296,100,40,3.13,0.6518,0.0003,7.26,0,1
48,10122,10119,0.0296,100,40,3.13,0.6518,0.0003,7.30,0,1
49,10122,10119,0.0296,100,40,3.13,0.6518,0.0003,7.27,0,1
50,10122,10119,0.0296,100,40,3.13,0.6518,0.0003,7.27,0,1
51,10122,10119,0.0296,100,40,3.13,0.6518,0.0003,7.30,0,1
52,10122,10119,0.0296,100,40,3.13,0.6518,0.0003,7.28,0,1
53,10122,10119,0.0296,100,40,3.13,0.6518,0.0003,7.32,0,1
54,10122,10119,0.0296,100,40,3.13,0.6518,0.0003,7.28,0,1
55,10122,10119,0.0296,100,40,3.13,0.6518,0.0003,7.26,0,1
56,10122,10119,0.0296,100,40,3.13,0.6518,0.0003,7.31,0,1
57,10122,10119,0.0296,100,40,3.13,0.6518,0.0003,7.31,0,1
58,10122,10119,0.0296,100,40,3.13,0.6518,0.0003,7.24,0,1
59,10122,10119,0.0296,100,40,3.13,0.6518,0.0003,7.27,0,1
60,10122,10119,0.0296,100,40,3.13,0.6518,0.0003,7.24,0,1
61,10122,10119,0.0296,100,40,3.13,0.6518,0.0003,7.23,0,1
62,10122,10119,0.0296,100,40,3.13,0.6518,0.0003,7.29,0,1
63,10122,10119,0.0296,100,40,3.13,0.6518,0.0003,7.25,0,1
64,10122,10119,0.0296,100,40,3.13,0.6518,0.0003,7.28,0,1
65,10122,10119,0.0296,100,40,3.13,0.6518,0.0003,7.30,0,1
66,10122,10119,0.0296,100,40,3.13,0.6518,0.0003,7.27,0,1
67,10122,10119,0.0296,100,40,3.13,0.6518,0.0003,7.29,0,1
68,10122,10119,0.0296,100,40,3.13,0.6518,0.0003,7.28,0,1
69,10122,10119,0.0296,100,40,3.13,0.6518,0.0003,7.24,0,1
70,10122,10119,0.0296,100,40,3.13,0.6518,0.0003,7.29,0,1
71,10122,10119,0.0296,100,40,3.13,0.6518,0.0003,7.29,0,1
72,10122,10119,0.0296,100,40,3.13,0.6518,0.0003,7.28,0,1
73,10122,10119,0.0296,100,40,3.13,0.6518,0.0003,7.35,0,1
74,10122,10119,0.0296,100,40,3.13,0.6518,0.0003,7.30,0,1
75,10122,10119,0.0296,100,40,3.13,0.6518,0.0003,7.28,0,1
76,10122,10119,0.0296,100,40,3.13,0.6518,0.0003,7.31,0,1
77,10122,10119,0.0296,100,40,3.13,0.6518,0.0003,7.26,0,1
78,10122,10119,0.0296,100,40,3.13,0.6518,0.0003,7.28,0,1
79,10122,10119,0.0296,100,40,3.13,0.6518,0.0003,7.26,0,1
80,10122,10119,0.0296,100,40,3.13,0.6518,0.0003,7.27,0,1
81,10122,10119,0.0296,100,40,3.13,0.6518,0.0003,7.28,0,1
82,10122,10119,0.0296,100,40,3.13,0.6518,0.0003,7.31,0,1
83,10122,10119,0.0296,100,40,3.13,0.6518,0.0003,7.28,0,1
84,10122,10119,0.0296,100,40,3.13,0.6518,0.0003,7.32,0,1
85,10122,10119,0.0296,100,40,3.13,0.6518,0.0003,7.25,0,1
86,10122,10119,0.0296,100,40,3.13,0.6518,0.0003,7.29,0,1
87,10122,10119,0.0296,100,40,3.13,0.6518,0.0003,7.28,0,1
88,10122,10119,0.0296,100,40,3.13,0.6518,0.0003,7.27,0,1
89,10122,10119,0.0296,100,40,3.13,0.6518,0.0003,7.32,0,1
90,10122,10119,0.0296,100,40,3.13,0.6518,0.0003,7.33,0,1
91,10122,10119,0.0296,100,40,3.13,0.6518,0.0003,7.28,0,1
92,10122,10119,0.0296,100,40,3.13,0.6518,0.0003,7.33,0,1
93,10122,10119,0.0296,100,40,3.13,0.6518,0.0003,7.30,0,1
94,10122,10119,0.0296,100,40,3.13,0.6518,0.0003,7.28,0,1
95,10122,10119,0.0296,100,40,3.13,0.6518,0.0003,7.30,0,1
96,10122,10119,0.0296,100,40,3.13,0.6518,0.0003,7.28,0,1
97,10122,10119,0.0296,100,40,3.13,0.6518,0.0003,7.34,0,1
98,10122,10119,0.0296,100,40,3.13,0.6518,0.0003,7.30,0,1
99,10122,10119,0.0296,100,40,3.13,0.6518,0.0003,7.26,0,1
100,10122,10119,0.0296,100,40,3.13,0.6518,0.0003,7.29,0,1
