seed,model,final_value,improvements,sum_N,resilience_score
0,GR-B,10116,0,0.0000,0.0000
0,GR-LS,10119,1,0.0000,0.0000
0,PSI,19862,3,229.5437,0.0000
1,GR-B,10116,0,0.0000,0.0000
1,GR-LS,10119,1,0.0000,0.0000
1,PSI,19862,3,229.5437,0.0000
2,GR-B,10116,0,0.0000,0.0000
2,GR-LS,10119,1,0.0000,0.0000
2,PSI,19862,3,229.5437,0.0000
3,GR-B,10116,0,0.0000,0.0000
3,GR-LS,10119,1,0.0000,0.0000
3,PSI,19862,3,229.5437,0.0000
4,GR-B,10116,0,0.0000,0.0000
4,GR-LS,10119,1,0.0000,0.0000
4,PSI,19862,3,229.5437,0.0000
5,GR-B,10116,0,0.0000,0.0000
5,GR-LS,10119,1,0.0000,0.0000
5,PSI,19862,3,229.5437,0.0000
6,GR-B,10116,0,0.0000,0.0000
6,GR-LS,10119,1,0.0000,0.0000
6,PSI,19862,3,229.5437,0.0000
7,GR-B,10116,0,0.0000,0.0000
7,GR-LS,10119,1,0.0000,0.0000
7,PSI,19862,3,229.5437,0.0000
8,GR-B,10116,0,0.0000,0.0000
8,GR-LS,10119,1,0.0000,0.0000
8,PSI,19862,3,229.5437,0.0000
9,GR-B,10116,0,0.0000,0.0000
9,GR-LS,10119,1,0.0000,0.0000
9,PSI,19862,3,229.5437,0.0000
10,GR-B,10116,0,0.0000,0.0000
10,GR-LS,10119,1,0.0000,0.0000
10,PSI,19862,3,229.5437,0.0000
11,GR-B,10116,0,0.0000,0.0000
11,GR-LS,10119,1,0.0000,0.0000
11,PSI,19862,3,229.5437,0.0000
12,GR-B,10116,0,0.0000,0.0000
12,GR-LS,10119,1,0.0000,0.0000
12,PSI,19862,3,229.5437,0.0000
13,GR-B,10116,0,0.0000,0.0000
13,GR-LS,10119,1,0.0000,0.0000
13,PSI,19862,3,229.5437,0.0000
14,GR-B,10116,0,0.0000,0.0000
14,GR-LS,10119,1,0.0000,0.0000
14,PSI,19862,3,229.5437,0.0000
15,GR-B,10116,0,0.0000,0.0000
15,GR-LS,10119,1,0.0000,0.0000
15,PSI,19862,3,229.5437,0.0000
16,GR-B,10116,0,0.0000,0.0000
16,GR-LS,10119,1,0.0000,0.0000
16,PSI,19862,3,229.5437,0.0000
17,GR-B,10116,0,0.0000,0.0000
17,GR-LS,10119,1,0.0000,0.0000
17,PSI,19862,3,229.5437,0.0000
18,GR-B,10116,0,0.0000,0.0000
18,GR-LS,10119,1,0.0000,0.0000
18,PSI,19862,3,229.5437,0.0000
19,GR-B,10116,0,0.0000,0.0000
19,GR-LS,10119,1,0.0000,0.0000
19,PSI,19862,3,229.5437,0.0000
20,GR-B,10116,0,0.0000,0.0000
20,GR-LS,10119,1,0.0000,0.0000
20,PSI,19862,3,229.5437,0.0000
21,GR-B,10116,0,0.0000,0.0000
21,GR-LS,10119,1,0.0000,0.0000
21,PSI,19862,3,229.5437,0.0000
22,GR-B,10116,0,0.0000,0.0000
22,GR-LS,10119,1,0.0000,0.0000
22,PSI,19862,3,229.5437,0.0000
23,GR-B,10116,0,0.0000,0.0000
23,GR-LS,10119,1,0.0000,0.0000
23,PSI,19862,3,229.5437,0.0000
24,GR-B,10116,0,0.0000,0.0000
24,GR-LS,10119,1,0.0000,0.0000
24,PSI,19862,3,229.5437,0.0000
25,GR-B,10116,0,0.0000,0.0000
25,GR-LS,10119,1,0.0000,0.0000
25,PSI,19862,3,229.5437,0.0000
26,GR-B,10116,0,0.0000,0.0000
26,GR-LS,10119,1,0.0000,0.0000
26,PSI,19862,3,229.5437,0.0000
27,GR-B,10116,0,0.0000,0.0000
27,GR-LS,10119,1,0.0000,0.0000
27,PSI,19862,3,229.5437,0.0000
28,GR-B,10116,0,0.0000,0.0000
28,GR-LS,10119,1,0.0000,0.0000
28,PSI,19862,3,229.5437,0.0000
29,GR-B,10116,0,0.0000,0.0000
29,GR-LS,10119,1,0.0000,0.0000
29,PSI,19862,3,229.5437,0.0000
30,GR-B,10116,0,0.0000,0.0000
30,GR-LS,10119,1,0.0000,0.0000
30,PSI,19862,3,229.5437,0.0000
31,GR-B,10116,0,0.0000,0.0000
31,GR-LS,10119,1,0.0000,0.0000
31,PSI,19862,3,229.5437,0.0000
32,GR-B,10116,0,0.0000,0.0000
32,GR-LS,10119,1,0.0000,0.0000
32,PSI,19862,3,229.5437,0.0000
33,GR-B,10116,0,0.0000,0.0000
33,GR-LS,10119,1,0.0000,0.0000
33,PSI,19862,3,229.5437,0.0000
34,GR-B,10116,0,0.0000,0.0000
34,GR-LS,10119,1,0.0000,0.0000
34,PSI,19862,3,229.5437,0.0000
35,GR-B,10116,0,0.0000,0.0000
35,GR-LS,10119,1,0.0000,0.0000
35,PSI,19862,3,229.5437,0.0000
36,GR-B,10116,0,0.0000,0.0000
36,GR-LS,10119,1,0.0000,0.0000
36,PSI,19862,3,229.5437,0.0000
37,GR-B,10116,0,0.0000,0.0000
37,GR-LS,10119,1,0.0000,0.0000
37,PSI,19862,3,229.5437,0.0000
38,GR-B,10116,0,0.0000,0.0000
38,GR-LS,10119,1,0.0000,0.0000
38,PSI,19862,3,229.5437,0.0000
39,GR-B,10116,0,0.0000,0.0000
39,GR-LS,10119,1,0.0000,0.0000
39,PSI,19862,3,229.5437,0.0000
40,GR-B,10116,0,0.0000,0.0000
40,GR-LS,10119,1,0.0000,0.0000
40,PSI,19862,3,229.5437,0.0000
41,GR-B,10116,0,0.0000,0.0000
41,GR-LS,10119,1,0.0000,0.0000
41,PSI,19862,3,229.5437,0.0000
42,GR-B,10116,0,0.0000,0.0000
42,GR-LS,10119,1,0.0000,0.0000
42,PSI,19862,3,229.5437,0.0000
43,GR-B,10116,0,0.0000,0.0000
43,GR-LS,10119,1,0.0000,0.0000
43,PSI,19862,3,229.5437,0.0000
44,GR-B,10116,0,0.0000,0.0000
44,GR-LS,10119,1,0.0000,0.0000
44,PSI,19862,3,229.5437,0.0000
45,GR-B,10116,0,0.0000,0.0000
45,GR-LS,10119,1,0.0000,0.0000
45,PSI,19862,3,229.5437,0.0000
46,GR-B,10116,0,0.0000,0.0000
46,GR-LS,10119,1,0.0000,0.0000
46,PSI,19862,3,229.5437,0.0000
47,GR-B,10116,0,0.0000,0.0000
47,GR-LS,10119,1,0.0000,0.0000
47,PSI,19862,3,229.5437,0.0000
48,GR-B,10116,0,0.0000,0.0000
48,GR-LS,10119,1,0.0000,0.0000
48,PSI,19862,3,229.5437,0.0000
49,GR-B,10116,0,0.0000,0.0000
49,GR-LS,10119,1,0.0000,0.0000
49,PSI,19862,3,229.5437,0.0000
50,GR-B,10116,0,0.0000,0.0000
50,GR-LS,10119,1,0.0000,0.0000
50,PSI,19862,3,229.5437,0.0000
51,GR-B,10116,0,0.0000,0.0000
51,GR-LS,10119,1,0.0000,0.0000
51,PSI,19862,3,229.5437,0.0000
52,GR-B,10116,0,0.0000,0.0000
52,GR-LS,10119,1,0.0000,0.0000
52,PSI,19862,3,229.5437,0.0000
53,GR-B,10116,0,0.0000,0.0000
53,GR-LS,10119,1,0.0000,0.0000
53,PSI,19862,3,229.5437,0.0000
54,GR-B,10116,0,0.0000,0.0000
54,GR-LS,10119,1,0.0000,0.0000
54,PSI,19862,3,229.5437,0.0000
55,GR-B,10116,0,0.0000,0.0000
55,GR-LS,10119,1,0.0000,0.0000
55,PSI,19862,3,229.5437,0.0000
56,GR-B,10116,0,0.0000,0.0000
56,GR-LS,10119,1,0.0000,0.0000
56,PSI,19862,3,229.5437,0.0000
57,GR-B,10116,0,0.0000,0.0000
57,GR-LS,10119,1,0.0000,0.0000
57,PSI,19862,3,229.5437,0.0000
58,GR-B,10116,0,0.0000,0.0000
58,GR-LS,10119,1,0.0000,0.0000
58,PSI,19862,3,229.5437,0.0000
59,GR-B,10116,0,0.0000,0.0000
59,GR-LS,10119,1,0.0000,0.0000
59,PSI,19862,3,229.5437,0.0000
60,GR-B,10116,0,0.0000,0.0000
60,GR-LS,10119,1,0.0000,0.0000
60,PSI,19862,3,229.5437,0.0000
61,GR-B,10116,0,0.0000,0.0000
61,GR-LS,10119,1,0.0000,0.0000
61,PSI,19862,3,229.5437,0.0000
62,GR-B,10116,0,0.0000,0.0000
62,GR-LS,10119,1,0.0000,0.0000
62,PSI,19862,3,229.5437,0.0000
63,GR-B,10116,0,0.0000,0.0000
63,GR-LS,10119,1,0.0000,0.0000
63,PSI,19862,3,229.5437,0.0000
64,GR-B,10116,0,0.0000,0.0000
64,GR-LS,10119,1,0.0000,0.0000
64,PSI,19862,3,229.5437,0.0000
65,GR-B,10116,0,0.0000,0.0000
65,GR-LS,10119,1,0.0000,0.0000
65,PSI,19862,3,229.5437,0.0000
66,GR-B,10116,0,0.0000,0.0000
66,GR-LS,10119,1,0.0000,0.0000
66,PSI,19862,3,229.5437,0.0000
67,GR-B,10116,0,0.0000,0.0000
67,GR-LS,10119,1,0.0000,0.0000
67,PSI,19862,3,229.5437,0.0000
68,GR-B,10116,0,0.0000,0.0000
68,GR-LS,10119,1,0.0000,0.0000
68,PSI,19862,3,229.5437,0.0000
69,GR-B,10116,0,0.0000,0.0000
69,GR-LS,10119,1,0.0000,0.0000
69,PSI,19862,3,229.5437,0.0000
70,GR-B,10116,0,0.0000,0.0000
70,GR-LS,10119,1,0.0000,0.0000
70,PSI,19862,3,229.5437,0.0000
71,GR-B,10116,0,0.0000,0.0000
71,GR-LS,10119,1,0.0000,0.0000
71,PSI,19862,3,229.5437,0.0000
72,GR-B,10116,0,0.0000,0.0000
72,GR-LS,10119,1,0.0000,0.0000
72,PSI,19862,3,229.5437,0.0000
73,GR-B,10116,0,0.0000,0.0000
73,GR-LS,10119,1,0.0000,0.0000
73,PSI,19862,3,229.5437,0.0000
74,GR-B,10116,0,0.0000,0.0000
74,GR-LS,10119,1,0.0000,0.0000
74,PSI,19862,3,229.5437,0.0000
75,GR-B,10116,0,0.0000,0.0000
75,GR-LS,10119,1,0.0000,0.0000
75,PSI,19862,3,229.5437,0.0000
76,GR-B,10116,0,0.0000,0.0000
76,GR-LS,10119,1,0.0000,0.0000
76,PSI,19862,3,229.5437,0.0000
77,GR-B,10116,0,0.0000,0.0000
77,GR-LS,10119,1,0.0000,0.0000
77,PSI,19862,3,229.5437,0.0000
78,GR-B,10116,0,0.0000,0.0000
78,GR-LS,10119,1,0.0000,0.0000
78,PSI,19862,3,229.5437,0.0000
79,GR-B,10116,0,0.0000,0.0000
79,GR-LS,10119,1,0.0000,0.0000
79,PSI,19862,3,229.5437,0.0000
80,GR-B,10116,0,0.0000,0.0000
80,GR-LS,10119,1,0.0000,0.0000
80,PSI,19862,3,229.5437,0.0000
81,GR-B,10116,0,0.0000,0.0000
81,GR-LS,10119,1,0.0000,0.0000
81,PSI,19862,3,229.5437,0.0000
82,GR-B,10116,0,0.0000,0.0000
82,GR-LS,10119,1,0.0000,0.0000
82,PSI,19862,3,229.5437,0.0000
83,GR-B,10116,0,0.0000,0.0000
83,GR-LS,10119,1,0.0000,0.0000
83,PSI,19862,3,229.5437,0.0000
84,GR-B,10116,0,0.0000,0.0000
84,GR-LS,10119,1,0.0000,0.0000
84,PSI,19862,3,229.5437,0.0000
85,GR-B,10116,0,0.0000,0.0000
85,GR-LS,10119,1,0.0000,0.0000
85,PSI,19862,3,229.5437,0.0000
86,GR-B,10116,0,0.0000,0.0000
86,GR-LS,10119,1,0.0000,0.0000
86,PSI,19862,3,229.5437,0.0000
87,GR-B,10116,0,0.0000,0.0000
87,GR-LS,10119,1,0.0000,0.0000
87,PSI,19862,3,229.5437,0.0000
88,GR-B,10116,0,0.0000,0.0000
88,GR-LS,10119,1,0.0000,0.0000
88,PSI,19862,3,229.5437,0.0000
89,GR-B,10116,0,0.0000,0.0000
89,GR-LS,10119,1,0.0000,0.0000
89,PSI,19862,3,229.5437,0.0000
90,GR-B,10116,0,0.0000,0.0000
90,GR-LS,10119,1,0.0000,0.0000
90,PSI,19862,3,229.5437,0.0000
91,GR-B,10116,0,0.0000,0.0000
91,GR-LS,10119,1,0.0000,0.0000
91,PSI,19862,3,229.5437,0.0000
92,GR-B,10116,0,0.0000,0.0000
92,GR-LS,10119,1,0.0000,0.0000
92,PSI,19862,3,229.5437,0.0000
93,GR-B,10116,0,0.0000,0.0000
93,GR-LS,10119,1,0.0000,0.0000
93,PSI,19862,3,229.5437,0.0000
94,GR-B,10116,0,0.0000,0.0000
94,GR-LS,10119,1,0.0000,0.0000
94,PSI,19862,3,229.5437,0.0000
95,GR-B,10116,0,0.0000,0.0000
95,GR-LS,10119,1,0.0000,0.0000
95,PSI,19862,3,229.5437,0.0000
96,GR-B,10116,0,0.0000,0.0000
96,GR-LS,10119,1,0.0000,0.0000
96,PSI,19862,3,229.5437,0.0000
97,GR-B,10116,0,0.0000,0.0000
97,GR-LS,10119,1,0.0000,0.0000
97,PSI,19862,3,229.5437,0.0000
98,GR-B,10116,0,0.0000,0.0000
98,GR-LS,10119,1,0.0000,0.0000
98,PSI,19862,3,229.5437,0.0000
99,GR-B,10116,0,0.0000,0.0000
99,GR-LS,10119,1,0.0000,0.0000
99,PSI,19862,3,229.5437,0.0000
100,GR-B,10116,0,0.0000,0.0000
100,GR-LS,10119,1,0.0000,0.0000
100,PSI,19862,3,229.5437,0.0000
101,GR-B,10116,0,0.0000,0.0000
101,GR-LS,10119,1,0.0000,0.0000
101,PSI,19862,3,229.5437,0.0000
102,GR-B,10116,0,0.0000,0.0000
102,GR-LS,10119,1,0.0000,0.0000
102,PSI,19862,3,229.5437,0.0000
103,GR-B,10116,0,0.0000,0.0000
103,GR-LS,10119,1,0.0000,0.0000
103,PSI,19862,3,229.5437,0.0000
104,GR-B,10116,0,0.0000,0.0000
104,GR-LS,10119,1,0.0000,0.0000
104,PSI,19862,3,229.5437,0.0000
105,GR-B,10116,0,0.0000,0.0000
105,GR-LS,10119,1,0.0000,0.0000
105,PSI,19862,3,229.5437,0.0000
106,GR-B,10116,0,0.0000,0.0000
106,GR-LS,10119,1,0.0000,0.0000
106,PSI,19862,3,229.5437,0.0000
107,GR-B,10116,0,0.0000,0.0000
107,GR-LS,10119,1,0.0000,0.0000
107,PSI,19862,3,229.5437,0.0000
108,GR-B,10116,0,0.0000,0.0000
108,GR-LS,10119,1,0.0000,0.0000
108,PSI,19862,3,229.5437,0.0000
109,GR-B,10116,0,0.0000,0.0000
109,GR-LS,10119,1,0.0000,0.0000
109,PSI,19862,3,229.5437,0.0000
110,GR-B,10116,0,0.0000,0.0000
110,GR-LS,10119,1,0.0000,0.0000
110,PSI,19862,3,229.5437,0.0000
111,GR-B,10116,0,0.0000,0.0000
111,GR-LS,10119,1,0.0000,0.0000
111,PSI,19862,3,229.5437,0.0000
112,GR-B,10116,0,0.0000,0.0000
112,GR-LS,10119,1,0.0000,0.0000
112,PSI,19862,3,229.5437,0.0000
113,GR-B,10116,0,0.0000,0.0000
113,GR-LS,10119,1,0.0000,0.0000
113,PSI,19862,3,229.5437,0.0000
114,GR-B,10116,0,0.0000,0.0000
114,GR-LS,10119,1,0.0000,0.0000
114,PSI,19862,3,229.5437,0.0000
115,GR-B,10116,0,0.0000,0.0000
115,GR-LS,10119,1,0.0000,0.0000
115,PSI,19862,3,229.5437,0.0000
116,GR-B,10116,0,0.0000,0.0000
116,GR-LS,10119,1,0.0000,0.0000
116,PSI,19862,3,229.5437,0.0000
117,GR-B,10116,0,0.0000,0.0000
117,GR-LS,10119,1,0.0000,0.0000
117,PSI,19862,3,229.5437,0.0000
118,GR-B,10116,0,0.0000,0.0000
118,GR-LS,10119,1,0.0000,0.0000
118,PSI,19862,3,229.5437,0.0000
119,GR-B,10116,0,0.0000,0.0000
119,GR-LS,10119,1,0.0000,0.0000
119,PSI,19862,3,229.5437,0.0000
120,GR-B,10116,0,0.0000,0.0000
120,GR-LS,10119,1,0.0000,0.0000
120,PSI,19862,3,229.5437,0.0000
121,GR-B,10116,0,0.0000,0.0000
121,GR-LS,10119,1,0.0000,0.0000
121,PSI,19862,3,229.5437,0.0000
122,GR-B,10116,0,0.0000,0.0000
122,GR-LS,10119,1,0.0000,0.0000
122,PSI,19862,3,229.5437,0.0000
123,GR-B,10116,0,0.0000,0.0000
123,GR-LS,10119,1,0.0000,0.0000
123,PSI,19862,3,229.5437,0.0000
124,GR-B,10116,0,0.0000,0.0000
124,GR-LS,10119,1,0.0000,0.0000
124,PSI,19862,3,229.5437,0.0000
125,GR-B,10116,0,0.0000,0.0000
125,GR-LS,10119,1,0.0000,0.0000
125,PSI,19862,3,229.5437,0.0000
126,GR-B,10116,0,0.0000,0.0000
126,GR-LS,10119,1,0.0000,0.0000
126,PSI,19862,3,229.5437,0.0000
127,GR-B,10116,0,0.0000,0.0000
127,GR-LS,10119,1,0.0000,0.0000
127,PSI,19862,3,229.5437,0.0000
128,GR-B,10116,0,0.0000,0.0000
128,GR-LS,10119,1,0.0000,0.0000
128,PSI,19862,3,229.5437,0.0000
129,GR-B,10116,0,0.0000,0.0000
129,GR-LS,10119,1,0.0000,0.0000
129,PSI,19862,3,229.5437,0.0000
130,GR-B,10116,0,0.0000,0.0000
130,GR-LS,10119,1,0.0000,0.0000
130,PSI,19862,3,229.5437,0.0000
131,GR-B,10116,0,0.0000,0.0000
131,GR-LS,10119,1,0.0000,0.0000
131,PSI,19862,3,229.5437,0.0000
132,GR-B,10116,0,0.0000,0.0000
132,GR-LS,10119,1,0.0000,0.0000
132,PSI,19862,3,229.5437,0.0000
133,GR-B,10116,0,0.0000,0.0000
133,GR-LS,10119,1,0.0000,0.0000
133,PSI,19862,3,229.5437,0.0000
134,GR-B,10116,0,0.0000,0.0000
134,GR-LS,10119,1,0.0000,0.0000
134,PSI,19862,3,229.5437,0.0000
135,GR-B,10116,0,0.0000,0.0000
135,GR-LS,10119,1,0.0000,0.0000
135,PSI,19862,3,229.5437,0.0000
136,GR-B,10116,0,0.0000,0.0000
136,GR-LS,10119,1,0.0000,0.0000
136,PSI,19862,3,229.5437,0.0000
137,GR-B,10116,0,0.0000,0.0000
137,GR-LS,10119,1,0.0000,0.0000
137,PSI,19862,3,229.5437,0.0000
138,GR-B,10116,0,0.0000,0.0000
138,GR-LS,10119,1,0.0000,0.0000
138,PSI,19862,3,229.5437,0.0000
139,GR-B,10116,0,0.0000,0.0000
139,GR-LS,10119,1,0.0000,0.0000
139,PSI,19862,3,229.5437,0.0000
140,GR-B,10116,0,0.0000,0.0000
140,GR-LS,10119,1,0.0000,0.0000
140,PSI,19862,3,229.5437,0.0000
141,GR-B,10116,0,0.0000,0.0000
141,GR-LS,10119,1,0.0000,0.0000
141,PSI,19862,3,229.5437,0.0000
142,GR-B,10116,0,0.0000,0.0000
142,GR-LS,10119,1,0.0000,0.0000
142,PSI,19862,3,229.5437,0.0000
143,GR-B,10116,0,0.0000,0.0000
143,GR-LS,10119,1,0.0000,0.0000
143,PSI,19862,3,229.5437,0.0000
144,GR-B,10116,0,0.0000,0.0000
144,GR-LS,10119,1,0.0000,0.0000
144,PSI,19862,3,229.5437,0.0000
145,GR-B,10116,0,0.0000,0.0000
145,GR-LS,10119,1,0.0000,0.0000
145,PSI,19862,3,229.5437,0.0000
146,GR-B,10116,0,0.0000,0.0000
146,GR-LS,10119,1,0.0000,0.0000
146,PSI,19862,3,229.5437,0.0000
147,GR-B,10116,0,0.0000,0.0000
147,GR-LS,10119,1,0.0000,0.0000
147,PSI,19862,3,229.5437,0.0000
148,GR-B,10116,0,0.0000,0.0000
148,GR-LS,10119,1,0.0000,0.0000
148,PSI,19862,3,229.5437,0.0000
149,GR-B,10116,0,0.0000,0.0000
149,GR-LS,10119,1,0.0000,0.0000
149,PSI,19862,3,229.5437,0.0000
150,GR-B,10116,0,0.0000,0.0000
150,GR-LS,10119,1,0.0000,0.0000
150,PSI,19862,3,229.5437,0.0000
151,GR-B,10116,0,0.0000,0.0000
151,GR-LS,10119,1,0.0000,0.0000
151,PSI,19862,3,229.5437,0.0000
152,GR-B,10116,0,0.0000,0.0000
152,GR-LS,10119,1,0.0000,0.0000
152,PSI,19862,3,229.5437,0.0000
153,GR-B,10116,0,0.0000,0.0000
153,GR-LS,10119,1,0.0000,0.0000
153,PSI,19862,3,229.5437,0.0000
154,GR-B,10116,0,0.0000,0.0000
154,GR-LS,10119,1,0.0000,0.0000
154,PSI,19862,3,229.5437,0.0000
155,GR-B,10116,0,0.0000,0.0000
155,GR-LS,10119,1,0.0000,0.0000
155,PSI,19862,3,229.5437,0.0000
156,GR-B,10116,0,0.0000,0.0000
156,GR-LS,10119,1,0.0000,0.0000
156,PSI,19862,3,229.5437,0.0000
157,GR-B,10116,0,0.0000,0.0000
157,GR-LS,10119,1,0.0000,0.0000
157,PSI,19862,3,229.5437,0.0000
158,GR-B,10116,0,0.0000,0.0000
158,GR-LS,10119,1,0.0000,0.0000
158,PSI,19862,3,229.5437,0.0000
159,GR-B,10116,0,0.0000,0.0000
159,GR-LS,10119,1,0.0000,0.0000
159,PSI,19862,3,229.5437,0.0000
160,GR-B,10116,0,0.0000,0.0000
160,GR-LS,10119,1,0.0000,0.0000
160,PSI,19862,3,229.5437,0.0000
161,GR-B,10116,0,0.0000,0.0000
161,GR-LS,10119,1,0.0000,0.0000
161,PSI,19862,3,229.5437,0.0000
162,GR-B,10116,0,0.0000,0.0000
162,GR-LS,10119,1,0.0000,0.0000
162,PSI,19862,3,229.5437,0.0000
163,GR-B,10116,0,0.0000,0.0000
163,GR-LS,10119,1,0.0000,0.0000
163,PSI,19862,3,229.5437,0.0000
164,GR-B,10116,0,0.0000,0.0000
164,GR-LS,10119,1,0.0000,0.0000
164,PSI,19862,3,229.5437,0.0000
165,GR-B,10116,0,0.0000,0.0000
165,GR-LS,10119,1,0.0000,0.0000
165,PSI,19862,3,229.5437,0.0000
166,GR-B,10116,0,0.0000,0.0000
166,GR-LS,10119,1,0.0000,0.0000
166,PSI,19862,3,229.5437,0.0000
167,GR-B,10116,0,0.0000,0.0000
167,GR-LS,10119,1,0.0000,0.0000
167,PSI,19862,3,229.5437,0.0000
168,GR-B,10116,0,0.0000,0.0000
168,GR-LS,10119,1,0.0000,0.0000
168,PSI,19862,3,229.5437,0.0000
169,GR-B,10116,0,0.0000,0.0000
169,GR-LS,10119,1,0.0000,0.0000
169,PSI,19862,3,229.5437,0.0000
170,GR-B,10116,0,0.0000,0.0000
170,GR-LS,10119,1,0.0000,0.0000
170,PSI,19862,3,229.5437,0.0000
171,GR-B,10116,0,0.0000,0.0000
171,GR-LS,10119,1,0.0000,0.0000
171,PSI,19862,3,229.5437,0.0000
172,GR-B,10116,0,0.0000,0.0000
172,GR-LS,10119,1,0.0000,0.0000
172,PSI,19862,3,229.5437,0.0000
173,GR-B,10116,0,0.0000,0.0000
173,GR-LS,10119,1,0.0000,0.0000
173,PSI,19862,3,229.5437,0.0000
174,GR-B,10116,0,0.0000,0.0000
174,GR-LS,10119,1,0.0000,0.0000
174,PSI,19862,3,229.5437,0.0000
175,GR-B,10116,0,0.0000,0.0000
175,GR-LS,10119,1,0.0000,0.0000
175,PSI,19862,3,229.5437,0.0000
176,GR-B,10116,0,0.0000,0.0000
176,GR-LS,10119,1,0.0000,0.0000
176,PSI,19862,3,229.5437,0.0000
177,GR-B,10116,0,0.0000,0.0000
177,GR-LS,10119,1,0.0000,0.0000
177,PSI,19862,3,229.5437,0.0000
178,GR-B,10116,0,0.0000,0.0000
178,GR-LS,10119,1,0.0000,0.0000
178,PSI,19862,3,229.5437,0.0000
179,GR-B,10116,0,0.0000,0.0000
179,GR-LS,10119,1,0.0000,0.0000
179,PSI,19862,3,229.5437,0.0000
180,GR-B,10116,0,0.0000,0.0000
180,GR-LS,10119,1,0.0000,0.0000
180,PSI,19862,3,229.5437,0.0000
181,GR-B,10116,0,0.0000,0.0000
181,GR-LS,10119,1,0.0000,0.0000
181,PSI,19862,3,229.5437,0.0000
182,GR-B,10116,0,0.0000,0.0000
182,GR-LS,10119,1,0.0000,0.0000
182,PSI,19862,3,229.5437,0.0000
183,GR-B,10116,0,0.0000,0.0000
183,GR-LS,10119,1,0.0000,0.0000
183,PSI,19862,3,229.5437,0.0000
184,GR-B,10116,0,0.0000,0.0000
184,GR-LS,10119,1,0.0000,0.0000
184,PSI,19862,3,229.5437,0.0000
185,GR-B,10116,0,0.0000,0.0000
185,GR-LS,10119,1,0.0000,0.0000
185,PSI,19862,3,229.5437,0.0000
186,GR-B,10116,0,0.0000,0.0000
186,GR-LS,10119,1,0.0000,0.0000
186,PSI,19862,3,229.5437,0.0000
187,GR-B,10116,0,0.0000,0.0000
187,GR-LS,10119,1,0.0000,0.0000
187,PSI,19862,3,229.5437,0.0000
188,GR-B,10116,0,0.0000,0.0000
188,GR-LS,10119,1,0.0000,0.0000
188,PSI,19862,3,229.5437,0.0000
189,GR-B,10116,0,0.0000,0.0000
189,GR-LS,10119,1,0.0000,0.0000
189,PSI,19862,3,229.5437,0.0000
190,GR-B,10116,0,0.0000,0.0000
190,GR-LS,10119,1,0.0000,0.0000
190,PSI,19862,3,229.5437,0.0000
191,GR-B,10116,0,0.0000,0.0000
191,GR-LS,10119,1,0.0000,0.0000
191,PSI,19862,3,229.5437,0.0000
192,GR-B,10116,0,0.0000,0.0000
192,GR-LS,10119,1,0.0000,0.0000
192,PSI,19862,3,229.5437,0.0000
193,GR-B,10116,0,0.0000,0.0000
193,GR-LS,10119,1,0.0000,0.0000
193,PSI,19862,3,229.5437,0.0000
194,GR-B,10116,0,0.0000,0.0000
194,GR-LS,10119,1,0.0000,0.0000
194,PSI,19862,3,229.5437,0.0000
195,GR-B,10116,0,0.0000,0.0000
195,GR-LS,10119,1,0.0000,0.0000
195,PSI,19862,3,229.5437,0.0000
196,GR-B,10116,0,0.0000,0.0000
196,GR-LS,10119,1,0.0000,0.0000
196,PSI,19862,3,229.5437,0.0000
197,GR-B,10116,0,0.0000,0.0000
197,GR-LS,10119,1,0.0000,0.0000
197,PSI,19862,3,229.5437,0.0000
198,GR-B,10116,0,0.0000,0.0000
198,GR-LS,10119,1,0.0000,0.0000
198,PSI,19862,3,229.5437,0.0000
199,GR-B,10116,0,0.0000,0.0000
199,GR-LS,10119,1,0.0000,0.0000
199,PSI,19862,3,229.5437,0.0000
200,GR-B,10116,0,0.0000,0.0000
200,GR-LS,10119,1,0.0000,0.0000
200,PSI,19862,3,229.5437,0.0000
201,GR-B,10116,0,0.0000,0.0000
201,GR-LS,10119,1,0.0000,0.0000
201,PSI,19862,3,229.5437,0.0000
202,GR-B,10116,0,0.0000,0.0000
202,GR-LS,10119,1,0.0000,0.0000
202,PSI,19862,3,229.5437,0.0000
203,GR-B,10116,0,0.0000,0.0000
203,GR-LS,10119,1,0.0000,0.0000
203,PSI,19862,3,229.5437,0.0000
204,GR-B,10116,0,0.0000,0.0000
204,GR-LS,10119,1,0.0000,0.0000
204,PSI,19862,3,229.5437,0.0000
205,GR-B,10116,0,0.0000,0.0000
205,GR-LS,10119,1,0.0000,0.0000
205,PSI,19862,3,229.5437,0.0000
206,GR-B,10116,0,0.0000,0.0000
206,GR-LS,10119,1,0.0000,0.0000
206,PSI,19862,3,229.5437,0.0000
207,GR-B,10116,0,0.0000,0.0000
207,GR-LS,10119,1,0.0000,0.0000
207,PSI,19862,3,229.5437,0.0000
208,GR-B,10116,0,0.0000,0.0000
208,GR-LS,10119,1,0.0000,0.0000
208,PSI,19862,3,229.5437,0.0000
209,GR-B,10116,0,0.0000,0.0000
209,GR-LS,10119,1,0.0000,0.0000
209,PSI,19862,3,229.5437,0.0000
210,GR-B,10116,0,0.0000,0.0000
210,GR-LS,10119,1,0.0000,0.0000
210,PSI,19862,3,229.5437,0.0000
211,GR-B,10116,0,0.0000,0.0000
211,GR-LS,10119,1,0.0000,0.0000
211,PSI,19862,3,229.5437,0.0000
212,GR-B,10116,0,0.0000,0.0000
212,GR-LS,10119,1,0.0000,0.0000
212,PSI,19862,3,229.5437,0.0000
213,GR-B,10116,0,0.0000,0.0000
213,GR-LS,10119,1,0.0000,0.0000
213,PSI,19862,3,229.5437,0.0000
214,GR-B,10116,0,0.0000,0.0000
214,GR-LS,10119,1,0.0000,0.0000
214,PSI,19862,3,229.5437,0.0000
215,GR-B,10116,0,0.0000,0.0000
215,GR-LS,10119,1,0.0000,0.0000
215,PSI,19862,3,229.5437,0.0000
216,GR-B,10116,0,0.0000,0.0000
216,GR-LS,10119,1,0.0000,0.0000
216,PSI,19862,3,229.5437,0.0000
217,GR-B,10116,0,0.0000,0.0000
217,GR-LS,10119,1,0.0000,0.0000
217,PSI,19862,3,229.5437,0.0000
218,GR-B,10116,0,0.0000,0.0000
218,GR-LS,10119,1,0.0000,0.0000
218,PSI,19862,3,229.5437,0.0000
219,GR-B,10116,0,0.0000,0.0000
219,GR-LS,10119,1,0.0000,0.0000
219,PSI,19862,3,229.5437,0.0000
220,GR-B,10116,0,0.0000,0.0000
220,GR-LS,10119,1,0.0000,0.0000
220,PSI,19862,3,229.5437,0.0000
221,GR-B,10116,0,0.0000,0.0000
221,GR-LS,10119,1,0.0000,0.0000
221,PSI,19862,3,229.5437,0.0000
222,GR-B,10116,0,0.0000,0.0000
222,GR-LS,10119,1,0.0000,0.0000
222,PSI,19862,3,229.5437,0.0000
223,GR-B,10116,0,0.0000,0.0000
223,GR-LS,10119,1,0.0000,0.0000
223,PSI,19862,3,229.5437,0.0000
224,GR-B,10116,0,0.0000,0.0000
224,GR-LS,10119,1,0.0000,0.0000
224,PSI,19862,3,229.5437,0.0000
225,GR-B,10116,0,0.0000,0.0000
225,GR-LS,10119,1,0.0000,0.0000
225,PSI,19862,3,229.5437,0.0000
226,GR-B,10116,0,0.0000,0.0000
226,GR-LS,10119,1,0.0000,0.0000
226,PSI,19862,3,229.5437,0.0000
227,GR-B,10116,0,0.0000,0.0000
227,GR-LS,10119,1,0.0000,0.0000
227,PSI,19862,3,229.5437,0.0000
228,GR-B,10116,0,0.0000,0.0000
228,GR-LS,10119,1,0.0000,0.0000
228,PSI,19862,3,229.5437,0.0000
229,GR-B,10116,0,0.0000,0.0000
229,GR-LS,10119,1,0.0000,0.0000
229,PSI,19862,3,229.5437,0.0000
230,GR-B,10116,0,0.0000,0.0000
230,GR-LS,10119,1,0.0000,0.0000
230,PSI,19862,3,229.5437,0.0000
231,GR-B,10116,0,0.0000,0.0000
231,GR-LS,10119,1,0.0000,0.0000
231,PSI,19862,3,229.5437,0.0000
232,GR-B,10116,0,0.0000,0.0000
232,GR-LS,10119,1,0.0000,0.0000
232,PSI,19862,3,229.5437,0.0000
233,GR-B,10116,0,0.0000,0.0000
233,GR-LS,10119,1,0.0000,0.0000
233,PSI,19862,3,229.5437,0.0000
234,GR-B,10116,0,0.0000,0.0000
234,GR-LS,10119,1,0.0000,0.0000
234,PSI,19862,3,229.5437,0.0000
235,GR-B,10116,0,0.0000,0.0000
235,GR-LS,10119,1,0.0000,0.0000
235,PSI,19862,3,229.5437,0.0000
236,GR-B,10116,0,0.0000,0.0000
236,GR-LS,10119,1,0.0000,0.0000
236,PSI,19862,3,229.5437,0.0000
237,GR-B,10116,0,0.0000,0.0000
237,GR-LS,10119,1,0.0000,0.0000
237,PSI,19862,3,229.5437,0.0000
238,GR-B,10116,0,0.0000,0.0000
238,GR-LS,10119,1,0.0000,0.0000
238,PSI,19862,3,229.5437,0.0000
239,GR-B,10116,0,0.0000,0.0000
239,GR-LS,10119,1,0.0000,0.0000
239,PSI,19862,3,229.5437,0.0000
240,GR-B,10116,0,0.0000,0.0000
240,GR-LS,10119,1,0.0000,0.0000
240,PSI,19862,3,229.5437,0.0000
241,GR-B,10116,0,0.0000,0.0000
241,GR-LS,10119,1,0.0000,0.0000
241,PSI,19862,3,229.5437,0.0000
242,GR-B,10116,0,0.0000,0.0000
242,GR-LS,10119,1,0.0000,0.0000
242,PSI,19862,3,229.5437,0.0000
243,GR-B,10116,0,0.0000,0.0000
243,GR-LS,10119,1,0.0000,0.0000
243,PSI,19862,3,229.5437,0.0000
244,GR-B,10116,0,0.0000,0.0000
244,GR-LS,10119,1,0.0000,0.0000
244,PSI,19862,3,229.5437,0.0000
245,GR-B,10116,0,0.0000,0.0000
245,GR-LS,10119,1,0.0000,0.0000
245,PSI,19862,3,229.5437,0.0000
246,GR-B,10116,0,0.0000,0.0000
246,GR-LS,10119,1,0.0000,0.0000
246,PSI,19862,3,229.5437,0.0000
247,GR-B,10116,0,0.0000,0.0000
247,GR-LS,10119,1,0.0000,0.0000
247,PSI,19862,3,229.5437,0.0000
248,GR-B,10116,0,0.0000,0.0000
248,GR-LS,10119,1,0.0000,0.0000
248,PSI,19862,3,229.5437,0.0000
249,GR-B,10116,0,0.0000,0.0000
249,GR-LS,10119,1,0.0000,0.0000
249,PSI,19862,3,229.5437,0.0000
250,GR-B,10116,0,0.0000,0.0000
250,GR-LS,10119,1,0.0000,0.0000
250,PSI,19862,3,229.5437,0.0000
251,GR-B,10116,0,0.0000,0.0000
251,GR-LS,10119,1,0.0000,0.0000
251,PSI,19862,3,229.5437,0.0000
252,GR-B,10116,0,0.0000,0.0000
252,GR-LS,10119,1,0.0000,0.0000
252,PSI,19862,3,229.5437,0.0000
253,GR-B,10116,0,0.0000,0.0000
253,GR-LS,10119,1,0.0000,0.0000
253,PSI,19862,3,229.5437,0.0000
254,GR-B,10116,0,0.0000,0.0000
254,GR-LS,10119,1,0.0000,0.0000
254,PSI,19862,3,229.5437,0.0000
255,GR-B,10116,0,0.0000,0.0000
255,GR-LS,10119,1,0.0000,0.0000
255,PSI,19862,3,229.5437,0.0000
256,GR-B,10116,0,0.0000,0.0000
256,GR-LS,10119,1,0.0000,0.0000
256,PSI,19862,3,229.5437,0.0000
257,GR-B,10116,0,0.0000,0.0000
257,GR-LS,10119,1,0.0000,0.0000
257,PSI,19862,3,229.5437,0.0000
258,GR-B,10116,0,0.0000,0.0000
258,GR-LS,10119,1,0.0000,0.0000
258,PSI,19862,3,229.5437,0.0000
259,GR-B,10116,0,0.0000,0.0000
259,GR-LS,10119,1,0.0000,0.0000
259,PSI,19862,3,229.5437,0.0000
260,GR-B,10116,0,0.0000,0.0000
260,GR-LS,10119,1,0.0000,0.0000
260,PSI,19862,3,229.5437,0.0000
261,GR-B,10116,0,0.0000,0.0000
261,GR-LS,10119,1,0.0000,0.0000
261,PSI,19862,3,229.5437,0.0000
262,GR-B,10116,0,0.0000,0.0000
262,GR-LS,10119,1,0.0000,0.0000
262,PSI,19862,3,229.5437,0.0000
263,GR-B,10116,0,0.0000,0.0000
263,GR-LS,10119,1,0.0000,0.0000
263,PSI,19862,3,229.5437,0.0000
264,GR-B,10116,0,0.0000,0.0000
264,GR-LS,10119,1,0.0000,0.0000
264,PSI,19862,3,229.5437,0.0000
265,GR-B,10116,0,0.0000,0.0000
265,GR-LS,10119,1,0.0000,0.0000
265,PSI,19862,3,229.5437,0.0000
266,GR-B,10116,0,0.0000,0.0000
266,GR-LS,10119,1,0.0000,0.0000
266,PSI,19862,3,229.5437,0.0000
267,GR-B,10116,0,0.0000,0.0000
267,GR-LS,10119,1,0.0000,0.0000
267,PSI,19862,3,229.5437,0.0000
268,GR-B,10116,0,0.0000,0.0000
268,GR-LS,10119,1,0.0000,0.0000
268,PSI,19862,3,229.5437,0.0000
269,GR-B,10116,0,0.0000,0.0000
269,GR-LS,10119,1,0.0000,0.0000
269,PSI,19862,3,229.5437,0.0000
270,GR-B,10116,0,0.0000,0.0000
270,GR-LS,10119,1,0.0000,0.0000
270,PSI,19862,3,229.5437,0.0000
271,GR-B,10116,0,0.0000,0.0000
271,GR-LS,10119,1,0.0000,0.0000
271,PSI,19862,3,229.5437,0.0000
272,GR-B,10116,0,0.0000,0.0000
272,GR-LS,10119,1,0.0000,0.0000
272,PSI,19862,3,229.5437,0.0000
273,GR-B,10116,0,0.0000,0.0000
273,GR-LS,10119,1,0.0000,0.0000
273,PSI,19862,3,229.5437,0.0000
274,GR-B,10116,0,0.0000,0.0000
274,GR-LS,10119,1,0.0000,0.0000
274,PSI,19862,3,229.5437,0.0000
275,GR-B,10116,0,0.0000,0.0000
275,GR-LS,10119,1,0.0000,0.0000
275,PSI,19862,3,229.5437,0.0000
276,GR-B,10116,0,0.0000,0.0000
276,GR-LS,10119,1,0.0000,0.0000
276,PSI,19862,3,229.5437,0.0000
277,GR-B,10116,0,0.0000,0.0000
277,GR-LS,10119,1,0.0000,0.0000
277,PSI,19862,3,229.5437,0.0000
278,GR-B,10116,0,0.0000,0.0000
278,GR-LS,10119,1,0.0000,0.0000
278,PSI,19862,3,229.5437,0.0000
279,GR-B,10116,0,0.0000,0.0000
279,GR-LS,10119,1,0.0000,0.0000
279,PSI,19862,3,229.5437,0.0000
280,GR-B,10116,0,0.0000,0.0000
280,GR-LS,10119,1,0.0000,0.0000
280,PSI,19862,3,229.5437,0.0000
281,GR-B,10116,0,0.0000,0.0000
281,GR-LS,10119,1,0.0000,0.0000
281,PSI,19862,3,229.5437,0.0000
282,GR-B,10116,0,0.0000,0.0000
282,GR-LS,10119,1,0.0000,0.0000
282,PSI,19862,3,229.5437,0.0000
283,GR-B,10116,0,0.0000,0.0000
283,GR-LS,10119,1,0.0000,0.0000
283,PSI,19862,3,229.5437,0.0000
284,GR-B,10116,0,0.0000,0.0000
284,GR-LS,10119,1,0.0000,0.0000
284,PSI,19862,3,229.5437,0.0000
285,GR-B,10116,0,0.0000,0.0000
285,GR-LS,10119,1,0.0000,0.0000
285,PSI,19862,3,229.5437,0.0000
286,GR-B,10116,0,0.0000,0.0000
286,GR-LS,10119,1,0.0000,0.0000
286,PSI,19862,3,229.5437,0.0000
287,GR-B,10116,0,0.0000,0.0000
287,GR-LS,10119,1,0.0000,0.0000
287,PSI,19862,3,229.5437,0.0000
288,GR-B,10116,0,0.0000,0.0000
288,GR-LS,10119,1,0.0000,0.0000
288,PSI,19862,3,229.5437,0.0000
289,GR-B,10116,0,0.0000,0.0000
289,GR-LS,10119,1,0.0000,0.0000
289,PSI,19862,3,229.5437,0.0000
290,GR-B,10116,0,0.0000,0.0000
290,GR-LS,10119,1,0.0000,0.0000
290,PSI,19862,3,229.5437,0.0000
291,GR-B,10116,0,0.0000,0.0000
291,GR-LS,10119,1,0.0000,0.0000
291,PSI,19862,3,229.5437,0.0000
292,GR-B,10116,0,0.0000,0.0000
292,GR-LS,10119,1,0.0000,0.0000
292,PSI,19862,3,229.5437,0.0000
293,GR-B,10116,0,0.0000,0.0000
293,GR-LS,10119,1,0.0000,0.0000
293,PSI,19862,3,229.5437,0.0000
294,GR-B,10116,0,0.0000,0.0000
294,GR-LS,10119,1,0.0000,0.0000
294,PSI,19862,3,229.5437,0.0000
295,GR-B,10116,0,0.0000,0.0000
295,GR-LS,10119,1,0.0000,0.0000
295,PSI,19862,3,229.5437,0.0000
296,GR-B,10116,0,0.0000,0.0000
296,GR-LS,10119,1,0.0000,0.0000
296,PSI,19862,3,229.5437,0.0000
297,GR-B,10116,0,0.0000,0.0000
297,GR-LS,10119,1,0.0000,0.0000
297,PSI,19862,3,229.5437,0.0000
298,GR-B,10116,0,0.0000,0.0000
298,GR-LS,10119,1,0.0000,0.0000
298,PSI,19862,3,229.5437,0.0000
299,GR-B,10116,0,0.0000,0.0000
299,GR-LS,10119,1,0.0000,0.0000
299,PSI,19862,3,229.5437,0.0000
